good	0.0
awesome	-0.980829253012
bad	-1.38629436112
written	-0.287682072452
book	-0.287682072452
seriously	-1.38629436112
wonderful	1.09861228867
aweful	-0.69314718056
